0,0,0,0,0,0,0,0
0,0,0.039454798331016,0.0368962439591912,0.0274831723554733,0.0241970227226035,0.0236047750644868,0.0374069670904996
0,0,0.0789095966620298,0.0737824696272519,0.054956329700237,0.0480120220086166,0.0468453417958405,0.0748239713829756
0,0,0.118364394993046,0.1106586729055,0.082419466526918,0.0714324939790211,0.0697101584675272,0.112251008855356
0,0,0.157819193324062,0.147524849695245,0.109872577328138,0.0944459347547948,0.092187683353009,0.149688075485564
0,0,0.197273991655076,0.1843809958978,0.137315656596521,0.117039840456916,0.114266374725748,0.18713516725152
0,0,0.236728789986092,0.221227107414481,0.164748698824691,0.139201707206365,0.13593469085921,0.224592280131153
0,0,0.276183588317108,0.2580631801466,0.192171698505273,0.160919031124122,0.157181090026858,0.262059410102385
0,0,0.315638386648121,0.294889209995468,0.219584650130887,0.182179308331163,0.177994030502154,0.299536553143139
0,0,0.355093184979138,0.331705192862402,0.246987548194161,0.20297003494847,0.198361970558563,0.337023705231343
0,0,0.394548744396612,0.368511832618918,0.27438068568549,0.223278740922294,0.218273404445419,0.374521587700248
0,0,0.437651898647352,0.40870144905878,0.303194347461158,0.243263581096152,0.237897093701523,0.415505823205166
0,0,0.486250139529064,0.453992607114337,0.334153131965436,0.263036128328106,0.257347564424243,0.461737177848384
0,0,0.537969589617168,0.502177114676472,0.366326022074125,0.28252846072019,0.276547295045951,0.510953233970945
0,0,0.590436371487084,0.551046779636073,0.398782000663026,0.301672656374437,0.295418763999021,0.560891573913898
0,0,0.64127660771423,0.598393409884021,0.430590050607939,0.320400793392877,0.313884449715824,0.609289780018286
0,0,0.688116420874032,0.642008813311209,0.460819154784669,0.338644949877547,0.331866830628735,0.653885434625163
0,0,0.728581933541909,0.679684797808519,0.488538296069016,0.356337203930477,0.349288385170127,0.692416120075572
0,0,0.760299268293278,0.709213171266837,0.51281645733678,0.373409633653701,0.366071591772372,0.72261941871056
0,0,0.780894547703565,0.728385741577051,0.532722621463766,0.389794317149253,0.382138928867843,0.742232912871177
0,0,0.787999315863738,0.734999768089403,0.547327767173273,0.405423585225665,0.397413138419939,0.748999478201156
0,0,0.787094709309738,0.734693121799911,0.558605743845201,0.420584250001571,0.412188349121693,0.7483095240498
0,0,0.784597852590193,0.733846729691591,0.568924799485871,0.435563591625583,0.426765693792511,0.74640514180608
0,0,0.780686485258467,0.732520842460497,0.578368027903282,0.450347858568348,0.441133919432553,0.743421895536119
0,0,0.775538346867922,0.730775710802685,0.587018522905438,0.464923299300514,0.455281773041981,0.739495349306042
0,0,0.769331176971921,0.728671585414211,0.594959378300341,0.479276162292732,0.469198001620957,0.734761067181974
0,0,0.762242715123828,0.726268716991128,0.602273687895993,0.49339269601565,0.482871352169642,0.729354613230038
0,0,0.754450700877006,0.723627356229494,0.609044545500397,0.507259148939915,0.496290571688197,0.723411551516361
0,0,0.746132873784818,0.720807753825362,0.615355044921556,0.520861769536179,0.509444407176785,0.717067446107064
0,0,0.737466973400627,0.717870160474789,0.621288279967471,0.534186806275089,0.522321605635567,0.710457861068274
0,0,0.728630739277796,0.714874826873829,0.626927344446145,0.547220507627294,0.534910914064704,0.703718360466116
0,0,0.719801910969688,0.711882003718538,0.63235533216558,0.559949122063443,0.547201079464358,0.696984508366712
0,0,0.711158228029668,0.708951941704972,0.637655336933778,0.572358898054184,0.559180848834691,0.690391868836187
0,0,0.702877430011097,0.706144891529185,0.642910452558742,0.584436084070167,0.570838969175863,0.684076005940667
0,0,0.695137256467339,0.703521103887233,0.648203772848475,0.596166928582041,0.582164187488037,0.678172483746275
0,0,0.688115446951757,0.701140829475172,0.653618391610979,0.607537680060453,0.593145250771375,0.672816866319137
0,0,0.681989741017715,0.699064318989056,0.659237402654255,0.618534586976053,0.603770906026036,0.668144717725376
0,0,0.676937878218574,0.69735182312494,0.665143899786307,0.629143897799491,0.614029900252185,0.664291602031116
0,0,0.6731375981077,0.696063592578881,0.671420976815137,0.639351861001414,0.623910980449981,0.661393083302483
0,0,0.670766640238454,0.695259878046934,0.678151727548746,0.649144725052471,0.633402893619586,0.659584725605601
0,0,0.670005470019933,0.695005649950785,0.685419242660049,0.658508975018931,0.642494640651764,0.659005326421791
0,0,0.671864712451833,0.696926501899563,0.693262114612144,0.667515673327419,0.651263813360635,0.660815843441873
0,0,0.676654431058604,0.701876747017335,0.701563660765792,0.676219961365149,0.659763144002002,0.66548037051854
0,0,0.683782461125158,0.709247173754814,0.710173377303579,0.68460869462705,0.667970350896218,0.672422736076127
0,0,0.692656637936407,0.718428570562715,0.718940760408087,0.692668728608053,0.675863152363633,0.68106676853897
0,0,0.70268479677726,0.728811725891748,0.7277153062619,0.700386918803084,0.683419266724597,0.690836296331403
0,0,0.713274772932632,0.739787428192628,0.736346511047603,0.707750120707075,0.690616412299462,0.701155147877764
0,0,0.723834401687433,0.750746465916068,0.744683870947779,0.714745189814952,0.697432307408578,0.711447151602387
0,0,0.733771518326574,0.761079627512779,0.752576882145013,0.721358981621646,0.703844670372296,0.721136135929608
0,0,0.742493958134967,0.770177701433476,0.759875040821888,0.727578351622085,0.709831219510968,0.729645929283763
0,0,0.749415047662924,0.777437151427558,0.766429875178972,0.733391059939192,0.715370669050858,0.736405731326271
0,0,0.75533321917695,0.783684204548459,0.772584366054345,0.73898787557615,0.720668339939786,0.742198235057016
0,0,0.761112592467229,0.789806827193186,0.778632186563189,0.744482562639099,0.725855643058313,0.747865721595023
0,0,0.766710593950516,0.795754571116965,0.784515517062615,0.74982045819815,0.730880925498499,0.753362585195561
0,0,0.772084650043567,0.801476988075024,0.790176537909736,0.754946899323414,0.735692534352403,0.758643220113902
0,0,0.777192187163136,0.806923629822587,0.795557429461661,0.759807223085002,0.740238816712085,0.763662020605315
0,0,0.781990631725978,0.81204404811488,0.800600372075504,0.764346766553026,0.744468119669603,0.768373380925071
0,0,0.78643741014885,0.81678779470713,0.805247546108375,0.768510866797597,0.748328790317016,0.77273169532844
0,0,0.790489948848506,0.821104421354561,0.809441131917386,0.772244860888824,0.751769175746383,0.776691358070693
0,0,0.794105674241701,0.824943479812401,0.81312330985965,0.775494085896821,0.754737623049765,0.7802067634071
0,0,0.797244127378655,0.828256827757207,0.816238618709458,0.778206040324588,0.757184517119475,0.783234419359797
0,0,0.800207026809876,0.831371040226696,0.819118576964997,0.780684564473394,0.759397279230422,0.786074454233582
0,0,0.803178050625414,0.834489363407679,0.821981241039261,0.78313523347289,0.761574344565672,0.788914380862612
0,0,0.806080182718137,0.837531903226481,0.824757752993901,0.785501878125786,0.763668146786236,0.791682258117268
0,0,0.808836406980914,0.840418765609429,0.827379254890567,0.787728329234792,0.76563111955312,0.794306144867933
0,0,0.811369707306614,0.84307005648285,0.829776888790912,0.789758417602617,0.767415696527335,0.796714099984987
0,0,0.813603067588105,0.84540588177307,0.831881796756586,0.791535974031972,0.768974311369889,0.798834182338814
0,0,0.815459471718254,0.847346347406416,0.833625120849241,0.793004829325565,0.770259397741792,0.800594450799793
0,0,0.816861903589932,0.848811559309214,0.834938003130526,0.794108814286106,0.771223389304052,0.801922964238308
0,0,0.817733347096006,0.849721623407792,0.835751585662094,0.794791759716306,0.771818719717678,0.80274778152474
0,0,0.817999379417196,0.849999526999235,0.835999526999235,0.794998925555852,0.771998594289879,0.802999379417196
0,0,0.817922846962797,0.849940964074253,0.835940964074253,0.794867223073894,0.771826855635239,0.802922846962797
0,0,0.817725028602015,0.849788733631978,0.835788733631978,0.794529787367218,0.771388975722809,0.802725028602016
0,0,0.817415338506111,0.849548860742015,0.835548860742015,0.794006913407128,0.770714345136031,0.802415338506111
0,0,0.817003190846341,0.84922737047397,0.83522737047397,0.793318896164926,0.769832354458346,0.802003190846341
0,0,0.816497999793965,0.848830287897448,0.834830287897448,0.792486030611915,0.768772394273196,0.801497999793966
0,0,0.815909179520242,0.848363638082054,0.834363638082054,0.791528611719398,0.767563855164022,0.800909179520242
0,0,0.81524614419643,0.847833446097395,0.833833446097395,0.790466934458677,0.766236127714267,0.80024614419643
0,0,0.814518307993787,0.847245737013076,0.833245737013076,0.789321293801056,0.764818602507371,0.799518307993787
0,0,0.813735085083573,0.846606535898702,0.832606535898702,0.788111984717838,0.763340670126777,0.798735085083573
0,0,0.812902442445328,0.845917811742612,0.831917845419667,0.786856060713031,0.761828760721543,0.797902442445328
0,0,0.811707445349096,0.844808150465124,0.830811177137156,0.785267805737761,0.760029366188799,0.796707445349096
0,0,0.809989648790424,0.843091511030366,0.829101206185581,0.783195556573195,0.757800401065552,0.794989648790424
0,0,0.807816926399716,0.840851682072987,0.826870063776934,0.780700487143909,0.755191976296571,0.792816926399717
0,0,0.805257151807378,0.838172452227634,0.824199881123205,0.777843771374479,0.752254202826623,0.790257151807378
0,0,0.802378198643812,0.835137610128955,0.821172789436388,0.774686583189481,0.749037191600478,0.787378198643812
0,0,0.799247940539423,0.831830944411597,0.817870919928471,0.771290096513491,0.745591053562901,0.784247940539423
0,0,0.795934251124615,0.828336243710209,0.814376403811447,0.767715485271085,0.741965899658662,0.780934251124615
0,0,0.792505004029793,0.824737296659436,0.810771372297306,0.764023923386838,0.738211840832528,0.777505004029793
0,0,0.78902807288536,0.821117891893928,0.807137956598041,0.760276584785326,0.734378988029267,0.77402807288536
0,0,0.785567845517298,0.817558238116114,0.803554518908042,0.756531669673179,0.730514513746815,0.770567845517298
0,0,0.781912981464023,0.813850303833732,0.799798303969777,0.752610812248079,0.726435780031503,0.766912981464023
0,0,0.7779302702945,0.809850410216534,0.795721668078338,0.748398084643235,0.722034231646527,0.7629302702945
0,0,0.773652877031511,0.805582681714313,0.79135505369068,0.743918679854844,0.717343149691542,0.758652877031511
0,0,0.76911396669784,0.801071242776861,0.786728903263756,0.739197790879102,0.712395815266207,0.75411396669784
0,0,0.764346704316271,0.796340217853972,0.781873659254522,0.734260610712206,0.707225509470176,0.749346704316271
0,0,0.759384254909588,0.791413731395438,0.776819764119931,0.729132332350351,0.701865513403107,0.744384254909588
0,0,0.754259783500574,0.786315907851052,0.771597660316937,0.723838148789735,0.696349108164656,0.739259783500574
0,0,0.749006455112012,0.781070871670608,0.766237790302496,0.718403253026555,0.69070957485448,0.734006455112012
0,0,0.743657434766686,0.775702747303897,0.760770596533561,0.712852838057006,0.684980194572234,0.728657434766686
0,0,0.738243715132933,0.770233423758331,0.755224277565128,0.707209962309107,0.679192221419258,0.723243715132933
0,0,0.732655762388068,0.764543887788502,0.74948334803925,0.701362534371875,0.673245105295203,0.717655762388068
0,0,0.726830478716807,0.758574227220015,0.743484780273957,0.695253046803196,0.667079546377171,0.711830478716807
0,0,0.720786472637535,0.752350727330347,0.737250784837336,0.688905953636742,0.660712094976612,0.705786472637535
0,0,0.714542352668639,0.745899673396976,0.730803572297469,0.682345708906189,0.654159301404973,0.699542352668639
0,0,0.708116727328505,0.739247350697379,0.72416535322244,0.675596766645211,0.647437715973701,0.693116727328505
0,0,0.701528205135518,0.732420044509033,0.717358338180333,0.66868358088748,0.640563888994243,0.686528205135518
0,0,0.694795394608065,0.725444040109416,0.710404737739233,0.661630605666671,0.633554370778046,0.679795394608065
0,0,0.687936904264532,0.718345622776004,0.703326762467223,0.654462295016458,0.626425711636558,0.672936904264532
0,0,0.680971342623305,0.711151077786275,0.696146622932387,0.647203102970515,0.619194461881227,0.665971342623305
0,0,0.6739155913132,0.703884777261895,0.688884777261895,0.639875730608892,0.611875730608892,0.658915491179444
0,0,0.666694616205123,0.69646700087962,0.68146700087962,0.632407442476923,0.604407442476923,0.651689494964503
0,0,0.659271913930674,0.68885398457599,0.67385398457599,0.624758268545727,0.596758268545727,0.644256075783239
0,0,0.651663813890761,0.681059273691163,0.666059273691163,0.616940716590275,0.588940716590275,0.636634180680792
0,0,0.643886645486289,0.673096413565297,0.658096413565297,0.608967294385542,0.580967294385542,0.628842756702302
0,0,0.635956738118165,0.66497894953855,0.64997894953855,0.6008505097065,0.5728505097065,0.620900750892907
0,0,0.627890421187295,0.65672042695108,0.64172042695108,0.592602870328122,0.564602870328122,0.612827110297746
0,0,0.619704024094586,0.648334391143045,0.633334391143045,0.584236884025383,0.556236884025383,0.60464078196196
0,0,0.611413876240942,0.639834387454603,0.624834387454603,0.575765058573255,0.547765058573255,0.596360712930686
0,0,0.603036307027272,0.631233961225913,0.616233961225913,0.567199901746712,0.539199901746712,0.588005850249066
0,0,0.594586303547713,0.622545139840944,0.607545139840944,0.558552521806165,0.530552521806165,0.57959386613375
0,0,0.586016435467658,0.613711625186325,0.598711625186325,0.549771111087308,0.521771111087308,0.571081689583493
0,0,0.577301625493829,0.604708945604566,0.589708945604566,0.540833432073122,0.512833432073122,0.562443237670528
0,0,0.568449326642837,0.595550569430193,0.580550569430193,0.531752266860875,0.503752266860875,0.553682575762927
0,0,0.559466991931292,0.586249964997735,0.571249964997735,0.522540397547838,0.494540397547838,0.544803769228763
0,0,0.550362074375806,0.576820600641717,0.561820600641717,0.513210606231279,0.485210606231279,0.535810883436108
0,0,0.541142026992991,0.567275944696668,0.552275944696668,0.503775675008467,0.475775675008467,0.526707983753036
0,0,0.531814302799456,0.557629465497114,0.542629465497114,0.494248385976672,0.466248385976672,0.517499135547616
0,0,0.522386354811813,0.547894631377583,0.532894631377583,0.484641521233164,0.456641521233164,0.508188404187924
0,0,0.512865636046673,0.538084910672602,0.523084910672602,0.47496786287521,0.44696786287521,0.49877985504203
0,0,0.503258202969788,0.528212413011632,0.513212263488221,0.465239075509064,0.437238926189485,0.48927634050241
0,0,0.493517662698348,0.518235427988733,0.503229687552442,0.455421751908981,0.427416019298133,0.47963617047566
0,0,0.483629083856818,0.508134971490152,0.493117611342588,0.445498899277911,0.417481562795944,0.46984783918288
0,0,0.473607104865422,0.497919482670624,0.482887280522989,0.435475690955739,0.407443532706524,0.459926011515803
0,0,0.463466364144384,0.487597400684883,0.472549940757978,0.425357300282346,0.397309905053479,0.449885352366158
0,0,0.453221500113926,0.477177164687661,0.462116837711883,0.415148900597614,0.387088655860416,0.439740526625678
0,0,0.442887151194274,0.466667213833693,0.451599217049039,0.404855665241424,0.37678776115094,0.429506199186093
0,0,0.43247795580565,0.456075987277713,0.441008324433774,0.394482767553658,0.366415196948657,0.419197034939134
0,0,0.422008552368279,0.445411924174454,0.43035540553042,0.384035380874199,0.355978939277174,0.408827698776531
0,0,0.411493579302384,0.434683463678649,0.41965170600331,0.373518678542929,0.345486964160098,0.398412855590018
0,0,0.400946388977853,0.42389811083559,0.408907581538673,0.362936930082214,0.334946212134546,0.387965704235272
0,0,0.39033446628889,0.413030932631296,0.39810100718922,0.352264447889964,0.32432847467179,0.377448181864371
0,0,0.379641064049192,0.402070862114293,0.387219111489913,0.341492891516659,0.313623140646012,0.366843019834623
0,0,0.368870378544333,0.391022443444822,0.376263225621967,0.330629675349175,0.302837272448325,0.356157290288177
0,0,0.358026606059883,0.379890220783126,0.365234680766598,0.319682213774385,0.29197793246984,0.345398065367182
0,0,0.347113942881415,0.368678738289444,0.354134808105023,0.308657921179165,0.281052183101672,0.334572417213788
0,0,0.336136585294501,0.357392540124019,0.342964938818456,0.297564211950389,0.270067086734931,0.323687417970143
0,0,0.325098729584713,0.346036170447091,0.331726404088115,0.286408500474932,0.259029705760731,0.312750139778398
0,0,0.314004572037623,0.334614173418902,0.320420535095214,0.27519820113967,0.247947102570185,0.301767654780701
0,0,0.302858308938802,0.323131093199693,0.309048663020971,0.263940728331475,0.236826339554406,0.290747035119202
0,0,0.291663282202063,0.311590141052528,0.297611021821422,0.252641990441319,0.225673242671277,0.279694530164781
0,0,0.28039812313021,0.299957030589432,0.286078116568819,0.241264515534245,0.214457565589653,0.26859114838853
0,0,0.269056946690235,0.288224453892359,0.274445712674864,0.229798598800787,0.203170634864866,0.25742893842308
0,0,0.257646468094409,0.276405212624357,0.262726618325018,0.218256821749277,0.191821878221351,0.246211463155352
0,0,0.246173402555001,0.264512108448469,0.250933641704743,0.206651765888048,0.180420723383543,0.234942285472268
0,0,0.23464446528428,0.252557943027739,0.239079590999498,0.194996012725432,0.168976598075876,0.223624968260749
0,0,0.223066371494519,0.240555518025212,0.227177274394746,0.183302143769764,0.157498930022786,0.212263074407716
0,0,0.211445836397987,0.228517635103934,0.215239500075947,0.171582740529375,0.145997146948708,0.20086016680009
0,0,0.199789575206953,0.216457095926948,0.203279076228561,0.159850384512599,0.134480676578076,0.189419808324792
0,0,0.188104303133689,0.2043867021573,0.191308811038051,0.148117657227768,0.122958946635325,0.177945561868744
0,0,0.176395393484594,0.192317667168632,0.179339923613926,0.136395827379132,0.111440575774193,0.166440151392798
0,0,0.16463362716834,0.180217855632193,0.167340262352085,0.124659336150764,0.0999106231760117,0.154884956949806
0,0,0.1528115658429,0.168074631524118,0.155297183188562,0.112896136734335,0.0883602216705414,0.143275712870562
0,0,0.140938465702715,0.155894144711372,0.143216837032959,0.101109305872086,0.0767894751460128,0.13161870485222
0,0,0.129023582942228,0.143682545060921,0.131105374794876,0.0893019203062575,0.0651984874906564,0.119920218591937
0,0,0.117076173755881,0.131445982439731,0.118968947383915,0.077477056779092,0.0535873625927042,0.108186539786868
0,0,0.105105494338116,0.119190606714768,0.106813705709677,0.0656377920328306,0.0419562043403866,0.096423954134169
0,0,0.0931208008833738,0.106922567752996,0.0946458006817638,0.0537872028097146,0.0303051166219345,0.0846387473309959
0,0,0.0811313495860984,0.0946480154213825,0.0824713832097763,0.041928365851986,0.0186342033255795,0.0728372050745051
0,0,0.0691463966407306,0.0823730995868918,0.0702966042033153,0.0300643579018857,0.00694356833955197,0.0610256130618518
0,0,0.0571737686576242,0.0701031097042174,0.0581267540327335,0.0181974129958335,-0.00476780483859084,0.0492085496184556
0,0,0.0451870116833602,0.0578223986083169,0.0459461832365969,0.00631079615611992,-0.0165240906755311,0.0373521203813123
0,0,0.0331775241466371,0.0455252890080606,0.0337492133874575,-0.00559855204529898,-0.0283260351536728,0.0254500357821
0,0,0.0211513563265574,0.0332148057343122,0.0215388694173815,-0.0175245811165824,-0.0401614851411614,0.0135144480798545
0,0,0.00911455850222235,0.0208939736179347,0.0093181762584339,-0.0294612405658905,-0.0520182875061432,0.0015575095336101
0,0,-0.00292681904726642,0.00856581748979095,-0.0029098411573204,-0.0414024799013836,-0.0638842891167648,-0.0104086275975985
0,0,-0.0149667260428065,-0.00376663781925525,-0.0151421578978154,-0.0533422486312207,-0.0757473368411716,-0.0223718110547358
0,0,-0.0269991122052965,-0.016100367478341,-0.027375749030986,-0.065274496263562,-0.08759527754751,-0.0343198885787672
0,0,-0.0390179272556348,-0.0284323466566036,-0.0396075896247673,-0.0771931723065678,-0.0994159581039264,-0.0462407079106583
0,0,-0.0510171209147191,-0.040759550523179,-0.0518346547470933,-0.0890922262683972,-0.111197225378566,-0.0581221167913733
0,0,-0.0629919146725441,-0.0530798928313475,-0.0640551699865925,-0.100966879582345,-0.122928555549718,-0.0699532797793228
0,0,-0.074964210407383,-0.0654102034283318,-0.076292026769154,-0.112839037116582,-0.13463597642951,-0.0817541524270901
0,0,-0.0869393106276607,-0.0777531410182994,-0.0885479039103396,-0.124714001770046,-0.146330128378009,-0.093535353473493
0,0,-0.0989110622853503,-0.0901026311458287,-0.100813651304442,-0.136585619398009,-0.158007828967527,-0.105296779918364
0,0,-0.110873312332425,-0.102452599355498,-0.113080118845753,-0.148447735855744,-0.169665895770377,-0.117038328761538
0,0,-0.122819907720858,-0.114796971191885,-0.125338156428564,-0.160294196998521,-0.181301146358868,-0.128759897002845
0,0,-0.134744695402623,-0.127129672199568,-0.137578613947168,-0.172118848681614,-0.192910398305314,-0.14046138164212
0,0,-0.146641522329691,-0.139444627923124,-0.149792341295856,-0.183915536760292,-0.204490469182024,-0.152142679679195
0,0,-0.158504235454036,-0.151735763907132,-0.161970188368921,-0.19567810708983,-0.216038176561311,-0.163803688113903
0,0,-0.170326681727632,-0.16399700569617,-0.174103005060654,-0.207400405525498,-0.227550338015487,-0.175444303946077
0,0,-0.182103843638813,-0.176224430066197,-0.186183484900834,-0.21907776777522,-0.23902526592742,-0.187065511887311
0,0,-0.193852958781891,-0.188453129654073,-0.198239954127422,-0.230733660221034,-0.250487861361011,-0.198686415229109
0,0,-0.205579269528376,-0.20068787010308,-0.210280054694574,-0.242373228571369,-0.261940690712479,-0.210306895166985
0,0,-0.217279436563842,-0.212916092348983,-0.222297325798036,-0.253989996666524,-0.273374105020609,-0.221917527430185
0,0,-0.228950120573861,-0.225125237327548,-0.234285306633557,-0.2655774883468,-0.284778455324189,-0.233508887747958
0,0,-0.240587982244007,-0.237302745974541,-0.246237536396882,-0.277129227452496,-0.296144092662006,-0.245071551849552
0,0,-0.252189682259851,-0.249436059225725,-0.258147554283758,-0.288638737823912,-0.307461368072846,-0.256596095464212
0,0,-0.263751881306967,-0.261512618016867,-0.270008899489932,-0.300099543301349,-0.318720632595497,-0.268073094321186
0,0,-0.275271240070929,-0.273519863283732,-0.281815111211151,-0.311505167725107,-0.329912237268746,-0.279493124149723
0,0,-0.286744419237307,-0.285445235962085,-0.293559728643163,-0.322849134935485,-0.341026533131379,-0.290846760679068
0,0,-0.298169814228896,-0.29727807056511,-0.305238102770127,-0.33412679010684,-0.35205539808853,-0.30212679010684
0,0,-0.309573795307486,-0.309043356160685,-0.316876523720439,-0.345364575585476,-0.363019260713688,-0.313364575585476
0,0,-0.3209587329279,-0.320751939863382,-0.328480271229631,-0.356567800900968,-0.373926677621129,-0.324567800900968
0,0,-0.332314697829985,-0.332402877976615,-0.340042329057167,-0.367729413233185,-0.384776634450356,-0.335729413233185
0,0,-0.343631760753587,-0.343995226803799,-0.351555680962514,-0.378842359761993,-0.395568116840877,-0.346842359761993
0,0,-0.354899992438553,-0.355528042648348,-0.363013310705137,-0.389899587667259,-0.406300110432195,-0.357899587667259
0,0,-0.36610946362473,-0.367000381813674,-0.374408202044503,-0.40089404412885,-0.416971600863816,-0.36889404412885
0,0,-0.377250245051963,-0.378411300603192,-0.385733338740076,-0.411818676326633,-0.427581573775246,-0.379818676326633
0,0,-0.388312407460099,-0.389759855320316,-0.396981704551324,-0.422666431440475,-0.438129014805989,-0.390666431440475
0,0,-0.399286021588986,-0.401045102268459,-0.408146283237712,-0.433430256650244,-0.448612909595551,-0.401430256650244
0,0,-0.410163886217951,-0.412268294281499,-0.419221904637189,-0.444105416779542,-0.459034943594657,-0.412105416779542
0,0,-0.420981949843463,-0.423461351265869,-0.430232887332335,-0.454723108920245,-0.469434370328271,-0.422723108920245
0,0,-0.431748214928988,-0.434624335988635,-0.441185302332526,-0.465289121279107,-0.479810998583563,-0.433289121279107
0,0,-0.442454762148565,-0.445743265819167,-0.452074533232235,-0.475795497105642,-0.490147335821808,-0.443795497105642
0,0,-0.453093672176232,-0.456804158126835,-0.462895963625937,-0.486234279649365,-0.500425889504283,-0.454234279649365
0,0,-0.463657025686026,-0.46779303028101,-0.473644977108106,-0.496597512159791,-0.510629167092263,-0.464597512159791
0,0,-0.474136903351986,-0.478695899651061,-0.484316957273215,-0.506877237886434,-0.520739676047023,-0.474877237886434
0,0,-0.48452538584815,-0.489498783606359,-0.494907287715738,-0.517065500078809,-0.53073992382984,-0.485065500078809
0,0,-0.494814553848556,-0.500187699516273,-0.505411352030151,-0.527154341986431,-0.540612417901988,-0.49515434198643
0,0,-0.504996488027241,-0.510748664750175,-0.515824533810925,-0.537135806858812,-0.550339665724744,-0.505135806858812
0,0,-0.515066308428007,-0.521170845601921,-0.526146071339408,-0.547005516400722,-0.55990766985359,-0.51500500153825
0,0,-0.525062086089265,-0.531491405578637,-0.536426140847108,-0.556808748361293,-0.569357039099526,-0.524800319889804
0,0,-0.534990374447529,-0.541722680384143,-0.546667038351329,-0.566551629976447,-0.578703806345924,-0.534528372938316
0,0,-0.54484192052215,-0.55186161927227,-0.556850013253664,-0.576221420184131,-0.587947303583835,-0.544179837541291
0,0,-0.554607471332478,-0.561905171496848,-0.566956314955702,-0.585805377922292,-0.597086862804308,-0.553745390556236
0,0,-0.564277773897864,-0.571850286311709,-0.576967192859035,-0.595290762128878,-0.606121815998396,-0.563215708840656
0,0,-0.57384357523766,-0.581693912970684,-0.586863896365255,-0.604664831741838,-0.615051495157149,-0.572581469252057
0,0,-0.583295622371216,-0.591433000727604,-0.596627674875953,-0.613914845699119,-0.623875232271618,-0.581833348647944
0,0,-0.592624662317882,-0.601064498836299,-0.606239777792721,-0.623028062938668,-0.632592359332853,-0.590962023885823
0,0,-0.60182144209701,-0.610585356550602,-0.615681454517149,-0.631991742398433,-0.641202208331906,-0.5999581718232
0,0,-0.610881453785888,-0.619997025630216,-0.62493915454917,-0.64079825633766,-0.649708366535139,-0.608816679137107
0,0,-0.619860542164532,-0.629354605912328,-0.634070956235493,-0.649506850849509,-0.658163949956335,-0.617586808706402
0,0,-0.628765838393092,-0.638659081588354,-0.643093519737345,-0.658128283482282,-0.666568371660343,-0.626276417051088
0,0,-0.637582505983056,-0.647889629165214,-0.652000891061072,-0.666650127986364,-0.674900122270881,-0.634874092113988
0,0,-0.646295708445908,-0.657025425149829,-0.660787116213023,-0.675059958112138,-0.68313769241167,-0.643368421837928
0,0,-0.654890609293136,-0.66604564604912,-0.669446241199545,-0.683345347609986,-0.691259572706432,-0.651747994165735
0,0,-0.663352372036227,-0.674929468370008,-0.677972312026984,-0.691493870230293,-0.699244253778886,-0.660001397040232
0,0,-0.671666160186665,-0.683656068619413,-0.686359374701689,-0.699493099723441,-0.707070226252754,-0.668117218404247
0,0,-0.679817137255938,-0.692204623304257,-0.694601475230006,-0.707330609839814,-0.714715980751755,-0.676084046200603
0,0,-0.687790466755531,-0.700554308931458,-0.702692659618283,-0.714993974329794,-0.722160007899611,-0.683890468372126
0,0,-0.695577716496295,-0.708691473749403,-0.710632544301094,-0.72247752697663,-0.729388526928531,-0.691531125580803
0,0,-0.703248106416579,-0.716691954664831,-0.718483970706732,-0.729855548049873,-0.736483742050652,-0.69907229463079
0,0,-0.710814918897662,-0.724574326902998,-0.726251953601318,-0.737138982968666,-0.74346518856761,-0.7065236603173
0,0,-0.718266019257161,-0.732329335663505,-0.733918321001816,-0.744311443543683,-0.750322297766605,-0.713870447436959
0,0,-0.72558927281269,-0.739947726145951,-0.741464900925192,-0.751356541585596,-0.757044500934834,-0.721097880786396
0,0,-0.732772544881866,-0.747420243549938,-0.748873521388409,-0.758257888905079,-0.763621229359496,-0.728191185162237
0,0,-0.739803700782303,-0.754737633075065,-0.756126010408431,-0.764999097312805,-0.77004191432779,-0.735135585361111
0,0,-0.746670605831618,-0.761890639920933,-0.763204196002223,-0.771563778619446,-0.776295987126914,-0.741916306179645
0,0,-0.753361125347426,-0.768870009287142,-0.77008990618675,-0.777935544635675,-0.782372879044069,-0.748518572414466
0,0,-0.759863124647342,-0.775666486373292,-0.776764968978974,-0.784098007172166,-0.788262021366451,-0.754927608862201
0,0,-0.76617476307378,-0.782280231907088,-0.783221651525654,-0.790044526442404,-0.793962602698164,-0.761139583201274
0,0,-0.772402867916168,-0.78880977936356,-0.7895664235726,-0.795875300281726,-0.799576752390645,-0.76726719896597
0,0,-0.778555944783737,-0.795261615979962,-0.795814337154153,-0.801605554209243,-0.805113277044281,-0.773320749472034
0,0,-0.784604912551427,-0.801607610121966,-0.801943267519521,-0.807215841793403,-0.810545341778538,-0.779270811192735
0,0,-0.790520690094179,-0.807819630155244,-0.807931089917912,-0.81268671660265,-0.815846111712883,-0.785087960601337
0,0,-0.796274196286935,-0.813869544445465,-0.813755679598534,-0.81799873220543,-0.820988751966781,-0.79074277417111
0,0,-0.801836350004635,-0.819729221358302,-0.819394911810596,-0.823132442170189,-0.8259464276597,-0.796205828375319
0,0,-0.807178070122221,-0.825370529259425,-0.824826661803306,-0.828068400065373,-0.830692303911105,-0.801447699687232
0,0,-0.812270275514633,-0.830765336514506,-0.830028804825871,-0.832787159459426,-0.835199545840463,-0.806438964580116
0,0,-0.817083885056813,-0.835885511489215,-0.8349792161275,-0.837269273920794,-0.83944131856724,-0.811150199527238
0,0,-0.821608015773997,-0.840722285703364,-0.83967405267554,-0.84151429960702,-0.843411467886349,-0.815571762914331
0,0,-0.82601679835383,-0.845461013602311,-0.844289779662388,-0.845706576217256,-0.847309223229944,-0.819893238724698
0,0,-0.83033589154705,-0.8501235529685,-0.84884249666509,-0.849858437217173,-0.851155261042502,-0.824139003907659
0,0,-0.83453382835279,-0.854670376209519,-0.853289691268173,-0.853920712498496,-0.854904266388097,-0.828270921758898
0,0,-0.838579141770179,-0.859061955732956,-0.857588851056163,-0.857844231952949,-0.858510924330805,-0.832250855574099
0,0,-0.842440364798351,-0.863258763946397,-0.861697463613588,-0.861579825472258,-0.861929919934702,-0.836040668648945
0,0,-0.846086030436436,-0.86722127325743,-0.865573016524974,-0.865078322948146,-0.865115938263862,-0.83960222427912
0,0,-0.849484671683565,-0.870909956073641,-0.869172997374848,-0.86829055427234,-0.868023664382362,-0.842897385760307
0,0,-0.852604821538872,-0.874285284802618,-0.872454893747737,-0.871167349336565,-0.870607783354277,-0.845888016388191
0,0,-0.855415013001486,-0.877307731851947,-0.875376193228167,-0.873659538032544,-0.872822980243683,-0.848535979458455
0,0,-0.857916666675296,-0.879974517399534,-0.877931046604182,-0.875753439806538,-0.874656647558335,-0.850836610042335
0,0,-0.860409355632396,-0.882619146415777,-0.880451680865517,-0.877770858740648,-0.876406933659813,-0.853094689405493
0,0,-0.862916020925203,-0.885272192280277,-0.882973134324913,-0.87976211325212,-0.878124873049217,-0.855345250305724
0,0,-0.86536567627909,-0.887859924480234,-0.885426911454222,-0.881679002784108,-0.879771028907311,-0.857528968980759
0,0,-0.867687335419433,-0.890308612502849,-0.887744516725297,-0.883473326779769,-0.881305964414859,-0.859586521668327
0,0,-0.869810012071607,-0.892544525835321,-0.889857454609992,-0.885096884682259,-0.882690242752623,-0.86145858460616
0,0,-0.871662719960986,-0.89449393396485,-0.891697229580158,-0.886501475934733,-0.883884427101369,-0.863085834031986
0,0,-0.873174472812946,-0.896083106378637,-0.89319534610765,-0.887638899980347,-0.884849080641859,-0.864408946183537
0,0,-0.874274284352861,-0.897238312563881,-0.894283308664319,-0.888460956262256,-0.885544766554859,-0.865368597298542
0,0,-0.874891168306106,-0.897885822007784,-0.894892621722019,-0.888919444223617,-0.88593204802113,-0.865905463614732
0,0,-0.874988064458683,-0.897990392922649,-0.894988064458683,-0.888980859969039,-0.885975813335481,-0.865988064458683
0,0,-0.874851530390528,-0.89788015112623,-0.894851530390528,-0.888763164759207,-0.885701470487541,-0.865851530390528
0,0,-0.874571919012544,-0.897653398306588,-0.894571919012544,-0.888320936456391,-0.885146336962214,-0.865571919012544
0,0,-0.874160954784504,-0.897318502615952,-0.894160954784504,-0.887676874160036,-0.884341435458319,-0.865160954784504
0,0,-0.87363036216618,-0.896883832206554,-0.89363036216618,-0.886853676969585,-0.883317788674676,-0.86463036216618
0,0,-0.872991865617346,-0.896357755230621,-0.892991865617346,-0.885874043984483,-0.882106419310105,-0.863991865617346
0,0,-0.872257189597774,-0.895748639840385,-0.892257189597774,-0.884760674304174,-0.880738350063427,-0.863257189597774
0,0,-0.871438058567238,-0.895064854188076,-0.891438058567238,-0.883536267028102,-0.879244603633461,-0.862438058567238
0,0,-0.87054619698551,-0.894314766425922,-0.89054619698551,-0.88222352125571,-0.877656202719028,-0.86154619698551
0,0,-0.869593329312363,-0.893506744706155,-0.889593329312363,-0.880845136086443,-0.876004170018946,-0.860593329312363
0,0,-0.868537633469255,-0.892596361987967,-0.888523460474217,-0.879378409889931,-0.874274196571606,-0.859479308655572
0,0,-0.86692695379283,-0.891132425689601,-0.886772979658457,-0.877443571629059,-0.872092236020507,-0.857293318299766
0,0,-0.864726924253338,-0.889071580724523,-0.884327806177197,-0.874997977250473,-0.869414858038467,-0.854084470603597
0,0,-0.862025432369925,-0.886490613257595,-0.881330524773922,-0.872100978360385,-0.866299890736021,-0.850165743507113
0,0,-0.858910365661736,-0.883466309453679,-0.87792372019212,-0.868811926565005,-0.862805162223703,-0.845850114950366
0,0,-0.855469611647917,-0.880075455477637,-0.874249977175275,-0.865190173470545,-0.858988500612048,-0.841450562873404
0,0,-0.851791057847612,-0.87639483749433,-0.870451880466873,-0.861295070683216,-0.85490773401159,-0.837280065216276
0,0,-0.847962591779969,-0.87250124166862,-0.866672014810402,-0.857185969809228,-0.850620690532864,-0.833651599919032
0,0,-0.844072100964131,-0.868471454165368,-0.863052964949346,-0.852922222454793,-0.846185198286403,-0.830878144921722
0,0,-0.840207472919244,-0.864382261149435,-0.859737315627192,-0.848563180226122,-0.841659085382743,-0.829272678164395
0,0,-0.836329932179683,-0.860237358967944,-0.856784398121132,-0.844122432935249,-0.837059812066411,-0.82905054561217
0,0,-0.831527883911512,-0.855504252951091,-0.853624256439921,-0.839264282913085,-0.832093545030862,-0.82957372151541
0,0,-0.825879964935275,-0.850162632128362,-0.850236605742302,-0.833949002564563,-0.826721753741175,-0.830638744530187
0,0,-0.819727441372988,-0.844338216770126,-0.846764356451198,-0.828225993094456,-0.820983992307072,-0.832213967259457
0,0,-0.813411579346667,-0.838156727146751,-0.843350418989533,-0.822144655707538,-0.814919814838272,-0.834267742306177
0,0,-0.807273644978328,-0.831743883528608,-0.840137703780232,-0.815754391608582,-0.808568775444495,-0.836768422273303
0,0,-0.801654904389986,-0.825225406186065,-0.837269121246218,-0.809104602002359,-0.801970428235462,-0.839684359763794
0,0,-0.796896623703657,-0.818727015389493,-0.834887581810416,-0.802244688093644,-0.795164327320894,-0.842983907380604
0,0,-0.793340069041358,-0.812374431409261,-0.833135995895749,-0.795224051087209,-0.78819002681051,-0.846635417726692
0,0,-0.791326506525103,-0.806293374515737,-0.832157273925143,-0.788092092187826,-0.78108708081403,-0.850607243405014
0,0,-0.791186291152103,-0.800359993461351,-0.833512748791409,-0.780783754000333,-0.773783754000333,-0.855493611986371
0,0,-0.792726294742597,-0.794188843739307,-0.844589974081408,-0.772703809908583,-0.765703809908583,-0.864488725884759
0,0,-0.795475361801155,-0.791010457876947,-0.857595315422604,-0.764397979297005,-0.757414888697628,-0.874105652218825
0,0,-0.8012384904239,-0.789312694692747,-0.872730878054597,-0.75589982258289,-0.748966528761706,-0.884189564978098
0,0,-0.808004301415972,-0.789198945393822,-0.889444391701392,-0.747156282363811,-0.739992002965409,-0.89448162889721
0,0,-0.815969731531883,-0.79076900688072,-0.907921136445548,-0.738156879082011,-0.730397877799993,-0.904932412090518
0,0,-0.825300700849132,-0.793302011759384,-0.92805446490743,-0.728929249534602,-0.720860550914278,-0.915895941223342
0,0,-0.836388193301866,-0.797946747643233,-0.950077974231315,-0.719478301880333,-0.71144938928483,-0.927440367088027
0,0,-0.848388260683944,-0.8036210327904,-0.973555642048789,-0.709515507651894,-0.701533263566903,-0.939238869879148
0,0,-0.861377551799328,-0.810682078220771,-0.998634818082738,-0.698970874302521,-0.691038439880043,-0.951295540897923
0,0,-0.875350443087256,-0.818649605912465,-1.02466307066174,-0.68819195339842,-0.680093245816904,-0.96336041081552
0,0,-0.89043798502518,-0.827692978679864,-1.05165998124246,-0.677188133106918,-0.668690079174941,-0.975431365063396
0,0,-0.906007132119614,-0.837413442093314,-1.07966986017196,-0.665937766433717,-0.65630071492139,-0.986732903116344
0,0,-0.922059851060272,-0.847864156355932,-1.1087718433484,-0.654432642751816,-0.642759500028675,-0.996897221582133
0,0,-0.938328506033051,-0.859319590047159,-1.13838126490939,-0.642641455500039,-0.628527855582031,-1.01801647973644
0,0,-0.954790434726588,-0.871960931952959,-1.16850507444202,-0.630529885544977,-0.613576589476469,-1.06337279650909
0,0,-0.971815237899858,-0.884805688912971,-1.19860222531293,-0.618699159647739,-0.597637245826647,-1.0920498292234
0,0,-0.989476490094107,-0.897814064267272,-1.22864394993046,-0.607169646806287,-0.580590504799841,-1.10973439283532
0,0,-1.00682218444696,-0.911089317695102,-1.26158202059896,-0.595873403298275,-0.562830868691285,-1.112436911956
0,0,-1.0238052741044,-0.924650020880048,-1.28992903942414,-0.584789504333079,-0.544326232341578,-1.10822411315473
0,0,-1.04273999464437,-0.938216777530069,-1.27008504880584,-0.574280536056065,-0.525072500495307,-1.10117694323816
0,0,-1.04854840986965,-0.951788167871695,-1.23110019785188,-0.56434575633026,-0.505015961946581,-1.08739764533758
0,0,-1.03675591819092,-0.966135709049436,-1.19312217244213,-0.55438247566064,-0.484502480451696,-1.06796667035382
0,0,-1.01634380035341,-0.981781935150276,-1.15047419725092,-0.544368567454798,-0.463536052146703,-1.03716044134043
0,0,-0.991228753762993,-0.982209530721309,-1.10407870322717,-0.534354659248957,-0.441800933805879,-0.992004742108956
0,0,-0.965327475825531,-0.963983144004978,-1.05628289309815,-0.524340751043116,-0.419238136501328,-0.93375128114199
0,0,-0.941528478836283,-0.94232731690202,-1.01250560184247,-0.514305386831381,-0.396199253981952,-0.880418254179721
0,0,-0.915453621599193,-0.915746860083227,-0.96912541137212,-0.504239469724999,-0.372678616982359,-0.832357395825711
0,0,-0.885681020028252,-0.884763475007657,-0.922099372366635,-0.494502792082011,-0.348668682390036,-0.784749663376299
0,0,-0.851407146383014,-0.848151538456903,-0.873966215554026,-0.485116746405794,-0.324155547877061,-0.737638530184072
0,0,-0.803302985954523,-0.811899131378022,-0.828054676444846,-0.47542317108018,-0.299046249682168,-0.685102817140443
0,0,-0.729538466390843,-0.776982726303629,-0.773006816761978,-0.466338838989667,-0.273189703972649,-0.626120857592117
0,0,-0.642241789812967,-0.728719358566302,-0.76274676259193,-0.457728939745835,-0.247055848831163,-0.566922247652714
0,0,-0.557352340529171,-0.664169815845166,-0.757589026357572,-0.449167267243792,-0.221202853274091,-0.507556022668168
0,0,-0.486481462765206,-0.597219199167457,-0.736985590705607,-0.440227615378646,-0.19602418355311,-0.452620334101048
0,0,-0.414589303571808,-0.529128017503468,-0.696463035283615,-0.430483778045506,-0.170975976774085,-0.402008803588688
0,0,-0.34390992066872,-0.460065170437943,-0.631952159131002,-0.419509549139482,-0.146365965597468,-0.348911407093614
0,0,-0.279698284887962,-0.390471509686672,-0.559856471343726,-0.406878722555682,-0.12269609763683,-0.293061630547623
0,0,-0.21251383597433,-0.319844458181313,-0.489567222100623,-0.392165092189215,-0.100487327098555,-0.237220462469412
0,0,-0.146322641485181,-0.252654757552678,-0.417136467445446,-0.367647949921122,-0.080124620052467,-0.181488254568972
0,0,-0.0812975544376743,-0.187189781195891,-0.348519197500432,-0.359599584993927,-0.0683867656112065,-0.119243845945558
0,0,-0.0166931600910625,-0.118680097477218,-0.282875801141433,-0.358254355945493,-0.0606694222936717,-0.0495434534847855
0,0,0.0472717108305974,-0.0516235172550867,-0.220988771768989,-0.332569562614902,-0.0370922914156265,0.0100679438477723
0,0,0.111972892943741,0.0148920213034475,-0.155592840484049,-0.274097694248122,-0.00570950919485024,0.060599184704188
0,0,0.176205002440129,0.0815580964620075,-0.0859658378860407,-0.201935482035083,0.0101747082405019,0.117489301978792
0,0,0.238613512969596,0.147586926286509,-0.0173627805200488,-0.127144879941366,0.012164017675042,0.181574079271879
0,0,0.301129716738892,0.213741078504227,0.0507313287628179,-0.055288168370799,0.00590548286397395,0.242164861826326
0,0,0.364343504624048,0.279336442849218,0.118329502980187,0.0164415187979396,0.0155732872542892,0.299348067118054
0,0,0.426871171061924,0.344241804722034,0.185237576789571,0.0861219070169618,0.0528550660799177,0.356450992255887
0,0,0.489456013908545,0.410517864101886,0.2535164020135,0.158446757651615,0.102129150338808,0.413483750872901
0,0,0.552105029087467,0.476165355568654,0.321166858846956,0.23084472124937,0.174055573223096,0.470539638386648
0,0,0.614192616241907,0.540700365015835,0.387640302938764,0.300146561462123,0.252601612594288,0.527618915159944
0,0,0.67571123798509,0.604717342963498,0.454228622711051,0.369864923368628,0.331017785624234,0.584698191933241
0,0,0.737367693220845,0.668754298126063,0.520891913673332,0.438392449228581,0.407313625386064,0.641777468706537
0,0,0.798496914331214,0.733590339455562,0.586965571642453,0.506425591098748,0.479996542639819,0.698856745479833
0,0,0.858458970792768,0.796532441510613,0.652571703490323,0.574648943342877,0.54780767236357,0.755936022253129
0,0,0.91939054323306,0.859071818448568,0.717574132192091,0.641592210784512,0.613148503272775,0.813039551681609
0,0,0.973028220625207,0.921771706316446,0.782693749701061,0.708649402141928,0.678114735750865,0.870164689784496
0,0,1.02153122101708,0.984132642411633,0.847813259811866,0.776417031445903,0.743783226737626,0.927552562119639
0,0,1.07114415943204,1.03876916612793,0.912362158191245,0.842932393228366,0.80954939039365,0.985131681639248
0,0,1.12086772065118,1.08753339350591,0.976994784277253,0.908963838664812,0.873539378931875,1.03638188282627
0,0,1.16942744716066,1.13741205606759,1.041088584602,0.975186481992989,0.936705664054827,1.08220758595484
0,0,1.21651728051065,1.18551245099098,1.10472016240595,1.04029641390748,0.998418222088484,1.12414145482657
0,0,1.2622015342794,1.23185906258477,1.16742278767226,1.10367824241535,1.05681114892831,1.16265522746386
0,0,1.30499696391147,1.27928029702531,1.22857429511173,1.16736221939813,1.11338880316904,1.20102076980433
0,0,1.34261960789541,1.31999999571002,1.28250389012031,1.23072304230805,1.16808721426849,1.23917721776687
0,0,1.37319284488205,1.35350735175957,1.32871313620362,1.29112160671044,1.21912519405172,1.27613296920745
0,0,1.39721912458275,1.38557558188381,1.37150806912495,1.34440486200406,1.26575777293549,1.31067891433697
0,0,1.40242391164471,1.41611226116909,1.40826708155401,1.39620998119577,1.31194268531715,1.34222173428508
0,0,1.38308016332266,1.43776925837906,1.44220132316753,1.4503405410017,1.35221540415243,1.37054517934835
0,0,1.33275118246648,1.43693859583992,1.47451464047028,1.50071429097456,1.38559827168289,1.39211322780067
0,0,1.29726373546135,1.4026986442127,1.50124114367879,1.5485404841779,1.41367444374492,1.40850423241793
0,0,1.27832611917864,1.34198684500524,1.52369602210773,1.59157387080992,1.43780821093857,1.42061600310935
0,0,1.27249881047109,1.29339638096751,1.54236852931302,1.62689848807446,1.4619965860484,1.42984926210193
0,0,1.27255103352639,1.25934855089492,1.555294933217,1.66022939645666,1.48451743710358,1.4388770340501
0,0,1.273,1.24698244423473,1.51987523135066,1.6894193458519,1.50393853348708,1.44797742968409
0,0,1.273,1.24631491214709,1.42819731062606,1.71176869640339,1.52605883568664,1.45247887131501
0,0,1.27244274055382,1.25148100280122,1.37062989357774,1.71507368170991,1.55112555037691,1.45080825611089
0,0,1.27238058406562,1.25808425436774,1.34169957139815,1.70772857882423,1.57538111843188,1.44525436977536
0,0,1.2738717318332,1.26543664692185,1.33429390664518,1.69603847620016,1.60229868705912,1.44438227696007
0,0,1.2781830632656,1.276627869707,1.32857865766482,1.67948862660746,1.62359454862238,1.44609887828745
0,0,1.28250176815984,1.2857001464726,1.32769664427706,1.6597480033335,1.64079977442524,1.44771644366943
0,0,1.28987794970347,1.29163081719446,1.32780409587153,1.63374216151754,1.65846683815962,1.4463784238688
0,0,1.30247115423043,1.2995429047398,1.32273018931096,1.60842424407906,1.67411951167151,1.44004251689515
0,0,1.30751671952412,1.30686482495921,1.32626509294592,1.5830723302394,1.69055189641528,1.43832743253857
0,0,1.308,1.31230957914972,1.33209637631647,1.55634111086505,1.71014206174696,1.44361193408184
0,0,1.308,1.31757722817274,1.33592970242764,1.54664693416048,1.72839062014021,1.45091914890598
0,0,1.308,1.32497432330436,1.35103028877789,1.5442565135373,1.74399014598689,1.45046841154496
0,0,1.30741998717287,1.33715721832033,1.37348001003438,1.54585778224204,1.7598876824689,1.44293739092037
0,0,1.30847548343802,1.3497704441184,1.39047633844305,1.55915069602814,1.77592132513411,1.43262912194395
0,0,1.31985928566554,1.35744469585161,1.41441690099862,1.565,1.79172473266736,1.42145444414688
0,0,1.3246532827121,1.35976802197094,1.43417130369468,1.565,1.80497343470084,1.40792560029449
0,0,1.31720333209488,1.35534883414305,1.43449885397047,1.56477935124485,1.81597852514863,1.39098154982028
0,0,1.28903412056999,1.33414004085942,1.42301822199881,1.56362952561977,1.82589884428978,1.36951924656938
0,0,1.26355932172483,1.31475430186633,1.41225266199238,1.56193234033033,1.83506967267431,1.34437263008523
0,0,1.23943264789949,1.29611758112996,1.40162466802489,1.55923229704586,1.84355875035471,1.31444244410187
0,0,1.2156293272618,1.27752455086762,1.39109887053378,1.55638529772132,1.85124583484551,1.27819980703907
0,0,1.19211202885978,1.25896038945149,1.38062129713999,1.55332191424303,1.85823588202953,1.23554545360825
0,0,1.16878713290096,1.24065471970429,1.36983247250435,1.55032424829597,1.86437657454214,1.20364054552398
0,0,1.14569283919352,1.22260636236675,1.35876134953259,1.54735468565357,1.86982268501252,1.17880790539026
0,0,1.12339065496609,1.20506854852997,1.34765847636163,1.54405457717358,1.87477355896514,1.15313447860996
0,0,1.10184355131208,1.18802909798548,1.33655524104149,1.54045486602453,1.87927854075104,1.12704808135596
0,0,1.08134655553424,1.17169875535981,1.32602415705463,1.5370852934118,1.88314156671537,1.10124617106701
0,0,1.06118202476441,1.15552690406892,1.31566761859848,1.5336628499434,1.88661947541476,1.075408824835
0,0,1.04183256130658,1.13995883358782,1.30572605316968,1.53045861707746,1.88981536037637,1.04988495993751
0,0,1.02395099908735,1.12557596474947,1.29655484128312,1.52784037765057,1.89279291888083,1.02512024288687
0,0,1.00774234624069,1.11258642947282,1.28826300688707,1.52596941414517,1.89557596686863,1.00135252161791
0,0,0.992053791374832,1.10003285832179,1.28021835496728,1.52425540428815,1.89809356492632,0.978087814679467
0,0,0.977744197505713,1.08858964550168,1.27290303122857,1.5228676600723,1.90048895056754,0.955629518562884
0,0,0.965925209378807,1.07913948164145,1.26693865199402,1.52208306888758,1.90292974671739,0.934391051644158
0,0,0.956895379217397,1.07191630337392,1.2625178327775,1.52225601736647,1.90556602362352,0.914387575836432
0,0,0.948365426972336,1.06509234157787,1.25841207791844,1.52365564927696,1.90836482162307,0.894655517538098
0,0,0.941381076802551,1.05950486144204,1.25507870351021,1.52579376656739,1.91119679656194,0.876247199139537
0,0,0.937413292967204,1.05633063437376,1.25319552988342,1.52811865501517,1.9139329777423,0.860443227359298
0,0,0.937242600080077,1.05627080785369,1.25329788863906,1.53038190993781,1.91659628764147,0.847587762706561
0,0,0.938569358428998,1.05773669805964,1.25491036786561,1.53335326262154,1.91961222813186,0.834835943606188
0,0,0.940644133355148,1.0599874899516,1.25738623894676,1.53668272140634,1.92270504357059,0.822740248221737
0,0,0.942999378921843,1.06246530671425,1.26011183738567,1.53987403540418,1.92551855106786,0.81230166661715
0,0,0.945167549192401,1.06461227153224,1.26247349868547,1.54243095372699,1.9276965677339,0.804521188856367
0,0,0.946681098230138,1.06587050759027,1.2638575583493,1.54385722548672,1.92888291067892,0.800399805003331
0,0,0.947316239521022,1.06599197884459,1.26397338849249,1.54392562052487,1.92886529585816,0.800041208834366
0,0,0.947814891983083,1.06594328967063,1.26381358522277,1.5434837914806,1.92806830207134,0.800274252576022
0,0,0.94827175248776,1.06585179694813,1.26351746653368,1.54267681868695,1.92662046206563,0.800670977375294
0,0,0.948683189733733,1.06571905553373,1.26309426231909,1.54154184298394,1.9245965088145,0.80118318267534
0,0,0.949045572419679,1.06554662028413,1.26255320247286,1.5401160052116,1.9220711752914,0.801762667919314
0,0,0.949355269244278,1.06533604605598,1.26190351688885,1.53843644620998,1.91911919446978,0.802361232550372
0,0,0.949608648906208,1.06508888770597,1.26115443546093,1.5365403068191,1.91581529932311,0.80293067601167
0,0,0.949802080104147,1.06480670009076,1.26031518808296,1.534464727879,1.91223422282484,0.803422797746364
0,0,0.949931931536775,1.06449103806703,1.25939500464881,1.53224685022972,1.90845069794842,0.803789397197609
0,0,0.949994571902769,1.06414345649146,1.25840311505234,1.52992381471128,1.90453945766731,0.803982273808561
0,0,0.949866045942259,1.06361917400688,1.2571763202366,1.52734260698746,1.90032610566818,0.803938053689566
0,0,0.949107192971105,1.06238342340726,1.25508964847342,1.52382559957346,1.89493427622092,0.803584832396487
0,0,0.947755335541153,1.06047261051801,1.25218832559185,1.51941499961673,1.88841231943376,0.80294991664821
0,0,0.945898841339949,1.05798483476354,1.24859014032921,1.51423214141362,1.88091139897535,0.802068869050698
0,0,0.943626078055043,1.05501819556824,1.24441288142278,1.50839835926049,1.87258267851432,0.800977252209917
0,0,0.941025413373981,1.05167079235651,1.23977433760986,1.50203498745368,1.86357732171932,0.799710628731829
0,0,0.938185214984312,1.04804072455276,1.23479229762773,1.49526336028955,1.85404649225897,0.798304561222401
0,0,0.935193850573583,1.04422609158137,1.22958455021369,1.48820481206445,1.84414135380193,0.796794612287595
0,0,0.932139687829342,1.04032499286676,1.22426888410503,1.48098067707473,1.83401307001683,0.795216344533377
0,0,0.929111094439137,1.03643552783332,1.21896308803904,1.47371228961675,1.8238128045723,0.793605320565711
0,0,0.926081499587543,1.03252636674965,1.213642617179,1.46636803720947,1.81350220795161,0.791910187675761
0,0,0.922686384562088,1.02818754364959,1.2078595388941,1.45846538235631,1.80248545346601,0.78984417283656
0,0,0.918926768119317,1.02342305214897,1.20161261974231,1.45000671113949,1.7907691025663,0.787421458794703
0,0,0.914843943571169,1.01828234008823,1.19495023959803,1.44104793718413,1.77842610839071,0.784687755641803
0,0,0.910479204229583,1.0128148553078,1.18792077833564,1.43164497411533,1.76552942407747,0.781688773469479
0,0,0.905873843406495,1.00707004564809,1.18057261582955,1.42185373555819,1.75215200276481,0.778470222369343
0,0,0.901069154413845,1.00109735894955,1.17295413195413,1.41173013513783,1.73836679759096,0.775077812433014
0,0,0.89610643056357,0.994946243052591,1.16511370658379,1.40133008647934,1.72424676169415,0.771557253752106
0,0,0.89102696516761,0.988666145797653,1.15709971959291,1.39070950320784,1.70986484821261,0.767954256418236
0,0,0.885872051537901,0.982306515025161,1.1489605508559,1.37992429894843,1.69529401028457,0.764314530523018
0,0,0.880626636989994,0.975851430854268,1.14067035773244,1.36894455497894,1.68050692720226,0.760624562125307
0,0,0.875120724485698,0.969105322578521,1.13200615926527,1.35751252733629,1.66520438567855,0.756706283599638
0,0,0.869356731421275,0.962072760765841,1.122980344314,1.34564283522884,1.64939856347868,0.752560839144027
0,0,0.863354612320477,0.954778665991508,1.11362874085983,1.33337721056611,1.6331330344067,0.748207723548373
0,0,0.857134321707057,0.947247958830803,1.10398717688399,1.32075738525759,1.61645137226668,0.743666431602575
0,0,0.850715814104765,0.939505559859007,1.09409148036771,1.3078250912128,1.59939715086265,0.738956458096531
0,0,0.844119044037356,0.931576389651401,1.08397747929219,1.29462206034125,1.58201394399868,0.734097297820142
0,0,0.837363966028579,0.923485368783266,1.07368100163867,1.28119002455245,1.56434532547882,0.729108445563307
0,0,0.830470534602188,0.915257417829882,1.06323787538836,1.26757071575591,1.54643486910712,0.724009396115924
0,0,0.823458704281933,0.906917457366531,1.05268392852248,1.25380586586113,1.52832614868764,0.718819644267894
0,0,0.816307332496484,0.898449703964655,1.04200616670546,1.23987385711465,1.5099858824689,0.713524277195834
0,0,0.80889839164055,0.88973833857437,1.03106704740641,1.22559664146672,1.49119817271377,0.708023907899845
0,0,0.801244907734048,0.880792643912729,1.01987382569564,1.21099002037156,1.47199055505271,0.702324999991228
0,0,0.793371630902194,0.871633334709431,1.00844726745416,1.19608755483727,1.45241242714788,0.696443684556307
0,0,0.785303311270204,0.862281125694177,0.996808138563001,1.18092280587194,1.43251318666142,0.690396092681402
0,0,0.777064698963293,0.852756731596667,0.984977204903186,1.16552933448366,1.4123422312555,0.684198355452838
0,0,0.768680544106676,0.843080867146601,0.972975232355736,1.14994070168052,1.39194895859225,0.677866603956934
0,0,0.760175596825568,0.833274247073679,0.960822986801673,1.13419046847062,1.37138276633383,0.671416969280015
0,0,0.751574607245185,0.823357586107603,0.948541234122021,1.11831219586205,1.3506930521424,0.664865582508402
0,0,0.742902325490741,0.813351598978071,0.936150740197801,1.10233944486289,1.32992921368009,0.658228574728417
0,0,0.734154082164287,0.803248839488956,0.923634021298459,1.08625628624636,1.30907748126649,0.651498982420073
0,0,0.725251301293773,0.792973932716126,0.910889520042707,1.06993263900915,1.28797298290256,0.644613621044984
0,0,0.716195027312045,0.782530871870654,0.897932654416327,1.05338375825486,1.26663029572361,0.637573820750984
0,0,0.706993351026856,0.771930507729277,0.88478848432701,1.03663715969589,1.24507942966863,0.630386515011319
0,0,0.697654363245965,0.761183691068732,0.871482069682445,1.01972035904467,1.22335039467666,0.623058637299233
0,0,0.688186154777126,0.750301272665754,0.858038470390324,1.00266087201357,1.2014732006867,0.615597121087971
0,0,0.678596816428095,0.73929410329708,0.844482746358336,0.985486214315022,1.17947785763778,0.608008899850778
0,0,0.668894439006629,0.728173033739446,0.830839957494171,0.968223901661419,1.15739437546891,0.600300907060898
0,0,0.659087113320484,0.716948914769587,0.817135163705521,0.950901449765168,1.1352527641191,0.592480076191577
0,0,0.649182930177415,0.705632597164241,0.803393424900074,0.933546374338673,1.11308303352739,0.584553340716058
0,0,0.639171131426305,0.694208396776458,0.789610401038971,0.916146773761256,1.09086103008969,0.5765071104808
0,0,0.629003402523646,0.682609466221005,0.775713126474629,0.898605374877763,1.06845359016001,0.568287988914164
0,0,0.618687829575452,0.670850215189121,0.761705673617669,0.880935414478084,1.04588843466321,0.559905173815648
0,0,0.608236723352904,0.658951062401933,0.747598341370771,0.86315871717962,1.02320538496688,0.551372502262807
0,0,0.597662394627184,0.64693242658057,0.733401428636611,0.845297107599774,1.00044426243864,0.542703811333198
0,0,0.586977154169474,0.634814726446159,0.719125234317869,0.827372410355947,0.977644888446113,0.533912938104378
0,0,0.576193312750954,0.622618380719828,0.704780057317224,0.809406450065542,0.954847084356901,0.525013719653905
0,0,0.565323181142806,0.610363808122705,0.690376196537355,0.791421051345961,0.932090671538618,0.516019993059334
0,0,0.554379070116211,0.598071427375919,0.675923950880939,0.773438038814605,0.909415471358878,0.506945595398224
0,0,0.543373290442351,0.585761657200595,0.661433619250657,0.755479237088876,0.886861305185293,0.497804363748129
0,0,0.532297894915236,0.573431710545926,0.646890023360979,0.737529428734239,0.864412425821743,0.488593302849655
0,0,0.521104542315248,0.561026878921615,0.632233559247269,0.719502282628311,0.841939062722285,0.479271402533981
0,0,0.509799938584132,0.548549538087394,0.61748059259128,0.701415027025525,0.819459037164629,0.469838684899494
0,0,0.49839468500722,0.536006342255044,0.60265259531845,0.683292102223383,0.797000750801675,0.460298263926116
0,0,0.486899382869842,0.523403945636349,0.587771039354219,0.665157948519383,0.774592605286321,0.450653253593771
0,0,0.475324633457328,0.510749002443089,0.572857396624026,0.647037006211027,0.752263002271466,0.440906767882378
0,0,0.463681038055009,0.498048166887049,0.557933139053311,0.628953715595815,0.730040343410009,0.431061920771862
0,0,0.451979197948215,0.485308093180009,0.543019738567512,0.610932516971246,0.70795303035485,0.421121826242142
0,0,0.440229714422277,0.472535435533752,0.528138667092069,0.592997850634822,0.686029464758886,0.411089598273141
0,0,0.428443188762526,0.459736848160062,0.513311396552423,0.575174156884043,0.664298048275017,0.400968350844781
0,0,0.416614791067706,0.446900878748035,0.498528193324664,0.557440655547659,0.642721814960427,0.390749452836034
0,0,0.404709751954771,0.433987369633356,0.483719706169744,0.539696857536768,0.621155057645013,0.380405493537027
0,0,0.392732191198588,0.421008391389177,0.468896179022285,0.521964479287288,0.599635375026901,0.369942777319615
0,0,0.380688789345193,0.407979206604345,0.454073061335134,0.504272975468402,0.578211740563372,0.359369674464653
0,0,0.368586226940621,0.394915077867707,0.439265802561136,0.486651800749294,0.556933127711709,0.348694555252993
0,0,0.356431184530908,0.381831267768112,0.424489852153139,0.469130409799151,0.535848509929195,0.33792578996549
0,0,0.34423034266209,0.368743038894407,0.409760659563989,0.451738257287156,0.515006860673111,0.327071748882997
0,0,0.331990381880202,0.355665653835438,0.395093674246533,0.434504797882495,0.494457153400741,0.316140802286368
0,0,0.31971798273128,0.342614375180055,0.380504345653618,0.417459486254352,0.474248361569366,0.305141320456457
0,0,0.307419825761359,0.329604465517103,0.366008123238089,0.400631777071911,0.454429458636268,0.294081673674117
0,0,0.295088586379922,0.316629518377139,0.35158926637954,0.383994771890779,0.434949084125342,0.282959580412167
0,0,0.282694589851745,0.303643607086519,0.33718171423757,0.367427568743641,0.415590082537289,0.271751488045331
0,0,0.270244976968747,0.290652842628861,0.322800852084688,0.350953342493987,0.396393388739568,0.260457585490182
0,0,0.25774899327469,0.277666464005955,0.30846673838179,0.33460363105541,0.377414868533586,0.249079551318615
0,0,0.245215884313335,0.264693710219587,0.294199431589771,0.318409972341498,0.358710387720753,0.237619064102524
0,0,0.232654895628444,0.251743820271547,0.280018990169526,0.302403904265843,0.340335812102475,0.226077802413802
0,0,0.22007527276378,0.238826033163624,0.26594547258195,0.286616964742036,0.322347007480162,0.214457444824345
0,0,0.207486261263104,0.225949587897607,0.251998937287937,0.271080691683668,0.304799839655223,0.202759669906045
0,0,0.194897106670177,0.213123723475283,0.238199442748384,0.255826623004328,0.287750174429064,0.190986156230797
0,0,0.182317054528763,0.200357678898442,0.224567047424185,0.240886296617608,0.271253877603096,0.179138582370495
0,0,0.169743849462908,0.187653670901406,0.211110238146699,0.226269978624883,0.25531662199465,0.167204636267376
0,0,0.157154141061595,0.174996940029824,0.197802880883986,0.211927423257344,0.239819951748467,0.155155859743061
0,0,0.144549548017874,0.162384009530843,0.184631002768618,0.197833769421162,0.224723358565796,0.143003375805244
0,0,0.131933094868678,0.149812166404106,0.171581735916214,0.183966259615026,0.2099917287957,0.130760237488756
0,0,0.119307806150939,0.137278697649255,0.158642212442391,0.170302136337626,0.195589948787238,0.118439497828428
0,0,0.106676706401593,0.124780890265936,0.145799564462768,0.156818642087652,0.181482904889473,0.10605420985909
0,0,0.094042820157572,0.112316031253791,0.133040924092962,0.143493019363793,0.167635483451466,0.093617426615574
0,0,0.0814091719558097,0.099881407612464,0.120353423448593,0.130302510664741,0.154012570822277,0.08114220113271
0,0,0.0687787863332395,0.0874743063415993,0.107724194645277,0.117224358489183,0.140579053350969,0.0686415864453289
0,0,0.0561546878267945,0.0750920144408399,0.095140369798632,0.104235805335811,0.127299817386601,0.056128635588261
0,0,0.043534237843057,0.0627368143900793,0.0826134217225843,0.0913602675510028,0.114210882246926,0.0435870431694501
0,0,0.0309066177114329,0.0504181329188573,0.0701891873542514,0.0786835872566614,0.10144230644632,0.0309607833981091
0,0,0.0182742227321496,0.0381336735662119,0.0578559626576378,0.0661798592297438,0.0889499963162707,0.0182648552350891
0,0,0.00564007744214135,0.0258805833597793,0.045599322857098,0.0538179606812743,0.0766817768021242,0.00551757450944763
0,0,-0.00699279362165886,0.0136560093271947,0.033404843176985,0.0415667688222758,0.0645854728492254,-0.00726274294975904
0,0,-0.0196213659223179,0.00145709849609327,0.0212580988416523,0.0293951608637713,0.0526089094029192,-0.0200577813134745
0,0,-0.0322426149229016,-0.0107190021058888,0.0091446650754539,0.0172720140167849,0.0406999114085512,-0.0328492247526414
0,0,-0.0448535160864769,-0.0228751454511164,-0.00294988289725677,0.00516620549233941,0.0288063038114665,-0.0456187574382033
0,0,-0.0574510448761106,-0.0350141845119544,-0.0150399698521266,-0.00695338749854198,0.0168759115570098,-0.0583480635411039
0,0,-0.0700321767548686,-0.0471389722607664,-0.0271400205648012,-0.0191178877448353,0.0048565595905269,-0.0710188272322858
0,0,-0.0826053649465461,-0.059252324863254,-0.039252324863254,-0.0313288235561952,-0.00725232486325403,-0.0836348177655104
0,0,-0.0951911240066868,-0.0713538827567108,-0.0513538827567108,-0.0435305210009824,-0.0193538827567108,-0.0962370733514875
0,0,-0.107781362746458,-0.0834405217203313,-0.0634405217203313,-0.0557172960206244,-0.0314405217203313,-0.108824393090709
0,0,-0.120366835622099,-0.0955090650252939,-0.0755090650252939,-0.0678859732517697,-0.0435090650252939,-0.121393606861885
0,0,-0.132938297089847,-0.107556335942776,-0.0875563359427756,-0.0800333773310653,-0.0555563359427756,-0.133941544543725
0,0,-0.14548650160594,-0.119579157743955,-0.0995791577439547,-0.092156332895159,-0.0675791577439547,-0.14646503601494
0,0,-0.158002203626616,-0.131574353700009,-0.111574353700009,-0.104251664580699,-0.0795743537000092,-0.158960911154239
0,0,-0.170476157608114,-0.143538747082116,-0.123538747082116,-0.116316197024332,-0.0915387470821161,-0.171425999840332
0,0,-0.182899118006671,-0.155469161161453,-0.135469161161453,-0.128346754862706,-0.103469161161453,-0.183857131951929
0,0,-0.195261839278526,-0.1673624192092,-0.1473624192092,-0.140340162732469,-0.1153624192092,-0.19625113736774
0,0,-0.207571706439817,-0.179225027692346,-0.159225027692346,-0.152302921524099,-0.127222120047811,-0.208620375034278
0,0,-0.219857819567493,-0.191073616194805,-0.171073616194805,-0.164251648029498,-0.13906007493253,-0.220991155639556
0,0,-0.232114834601152,-0.20290253392406,-0.18290253392406,-0.176180694674145,-0.150873501782097,-0.23335204322645
0,0,-0.24433607099476,-0.214705312531103,-0.194705312531103,-0.188083596913794,-0.162659064094015,-0.245690255042525
0,0,-0.25651484820228,-0.226475483666928,-0.206475483666928,-0.199953890204202,-0.174413425365785,-0.257993008335349
0,0,-0.268644485677677,-0.238206578982529,-0.218206578982529,-0.211785110001126,-0.186133249094913,-0.270247520352487
0,0,-0.280718302874915,-0.249892130128899,-0.229892130128899,-0.22357079176032,-0.1978151987789,-0.282441008341504
0,0,-0.292729619247958,-0.26152566875703,-0.24152566875703,-0.235304470937543,-0.209455937915249,-0.294560689549969
0,0,-0.304671754250772,-0.273100726517918,-0.253100726517918,-0.246979682988549,-0.221052130001463,-0.306593781225446
0,0,-0.316538027337319,-0.284610835062554,-0.264610835062554,-0.258589963369096,-0.232600438535046,-0.318527500615501
0,0,-0.328337299660506,-0.296070473271497,-0.276067347229131,-0.270143552566285,-0.244114344275985,-0.330369080801922
0,0,-0.340095508533907,-0.307513850889138,-0.287499581065981,-0.281664888476884,-0.255620947806926,-0.342152639608096
0,0,-0.351806382030174,-0.318928955547727,-0.298898539062108,-0.293147968371116,-0.267108340583811,-0.353874999426238
0,0,-0.363462567061995,-0.330302273273736,-0.310253962130854,-0.304585767110001,-0.278563378485903,-0.365531656398297
0,0,-0.375056710542053,-0.341620290093635,-0.32155559118556,-0.315971259554562,-0.289972917392465,-0.377118106666218
0,0,-0.386581459383035,-0.352869492033897,-0.332793167139569,-0.327297420565821,-0.301323813182761,-0.388629846371949
0,0,-0.398029460497626,-0.364036365120994,-0.343956430906222,-0.3385572250048,-0.312602921736055,-0.400062371657438
0,0,-0.409393360798512,-0.375107395381395,-0.355035123398862,-0.349743647732522,-0.32379709893161,-0.411411178664632
0,0,-0.420665807198377,-0.386069068841573,-0.36601898553083,-0.360849663610008,-0.334893200648689,-0.422671763535477
0,0,-0.431839446609909,-0.396907871528,-0.376897758215468,-0.371868247498281,-0.345878082766556,-0.433839622411923
0,0,-0.442929002835105,-0.407630870707919,-0.387680179330531,-0.382816464223083,-0.356760927474504,-0.444925695013183
0,0,-0.453969438794643,-0.418272257323603,-0.398397221588202,-0.393731959603984,-0.367578138946491,-0.455954631126461
0,0,-0.464950366446762,-0.428830786708138,-0.409044828169576,-0.404601646865255,-0.378325856426244,-0.466918984639083
0,0,-0.475860084059728,-0.439304085250107,-0.419617867729312,-0.415410988314242,-0.38899896895851,-0.477810385270194
0,0,-0.486686889901809,-0.449689779338099,-0.430111208922071,-0.426145446258289,-0.399592365588036,-0.488620462738941
0,0,-0.497419082241271,-0.459985495360698,-0.440519720402511,-0.436790483004745,-0.410100935359571,-0.499340846764469
0,0,-0.50804495934638,-0.470188859706491,-0.450838270825292,-0.447331560860953,-0.420519567317862,-0.509963167065926
0,0,-0.518552819485404,-0.480297498764064,-0.461061728845073,-0.457754142134261,-0.430843150507658,-0.520479053362457
0,0,-0.528930960926609,-0.490309038922003,-0.471184963116514,-0.468043689132013,-0.441066573973706,-0.530880135373209
0,0,-0.539167681938261,-0.500221106568893,-0.481202842294275,-0.478185664161557,-0.451184726760754,-0.541158042817328
0,0,-0.549280386364675,-0.510053584488349,-0.491135752041724,-0.48819111312799,-0.461214381538583,-0.551335070653154
0,0,-0.559314115497057,-0.519839424451911,-0.50102172560075,-0.498100769017184,-0.471188494737448,-0.561457374712514
0,0,-0.569259611801399,-0.529563584061166,-0.510845908964929,-0.507911965901115,-0.481095508178269,-0.571509682423637
0,0,-0.579106210322505,-0.539209865272566,-0.52059214941238,-0.517620853857601,-0.490922760222234,-0.581475186598891
0,0,-0.588843246105174,-0.548762070042561,-0.53024429422122,-0.527223582964457,-0.50065758923053,-0.591337080050644
0,0,-0.598460054194209,-0.558204000327606,-0.539786190669567,-0.5367163032995,-0.510287333564343,-0.601078555591265
0,0,-0.607945969634414,-0.56751945808415,-0.549201686035541,-0.546095164940548,-0.519799331584862,-0.610682806033122
0,0,-0.617290327470589,-0.576692245268647,-0.558474627597257,-0.555356317965417,-0.529180921653273,-0.620133024188584
0,0,-0.626482462747536,-0.585706163837548,-0.567588862632835,-0.564495912451924,-0.538419442130763,-0.629412402870018
0,0,-0.635511710510059,-0.594545015747305,-0.576528238420393,-0.573510098477886,-0.547502231378521,-0.638504134889793
0,0,-0.644405369286301,-0.603233961225913,-0.585317727376561,-0.58242804330845,-0.556454874489607,-0.647435346830553
0,0,-0.65321906511688,-0.611834387454603,-0.594018360737319,-0.591296384428509,-0.565333282148931,-0.656271391908474
0,0,-0.661937322743699,-0.620334391143045,-0.602618320423888,-0.600094354530755,-0.574123121285054,-0.664999569768535
0,0,-0.670543118932849,-0.62872042695108,-0.611104155861889,-0.60879978079214,-0.582808514067485,-0.673605433632726
0,0,-0.679019430450423,-0.636978949538549,-0.619462416476941,-0.617390490389618,-0.591373582665735,-0.682074536723037
0,0,-0.687349234062514,-0.645096413565297,-0.627679651694668,-0.625844310500141,-0.599802449249315,-0.690392432261459
0,0,-0.695515506535214,-0.653059273691163,-0.635742410940689,-0.634139068300663,-0.608079235987733,-0.698544673469982
0,0,-0.703501224634616,-0.66085398457599,-0.643637243640626,-0.642252590968136,-0.616188065050501,-0.706516813570596
0,0,-0.711289365126813,-0.66846700087962,-0.651350699220099,-0.650162705679514,-0.624113058607128,-0.714294405785292
0,0,-0.718862904777896,-0.675884777261895,-0.65886932710473,-0.657847239611749,-0.631838338827125,-0.721863003336059
0,0,-0.726260574343614,-0.683142245554219,-0.666227674041645,-0.665341718007931,-0.639398487799709,-0.729256216871238
0,0,-0.733561679096991,-0.690308230163812,-0.673493872531171,-0.672729010976444,-0.646865117672485,-0.736543231067811
0,0,-0.74074846121972,-0.697366118888531,-0.680651485697194,-0.679995565979521,-0.654222225708582,-0.743710017985285
0,0,-0.747801339928119,-0.704297705005176,-0.68768249812193,-0.687125980583583,-0.661452161412403,-0.750740982477683
0,0,-0.754700734438507,-0.711084781790543,-0.694568894387592,-0.694104852355052,-0.668537274288351,-0.757620529399028
0,0,-0.761427063967203,-0.717709142521431,-0.701292659076395,-0.70091677886035,-0.675459913840829,-0.764333063603341
0,0,-0.767960747730524,-0.724152580474638,-0.707835776770554,-0.707546357665899,-0.68220242957424,-0.770862989944647
0,0,-0.774282204944792,-0.730396888926962,-0.714180232052282,-0.713978186338121,-0.688747170992987,-0.777194713276967
0,0,-0.780371854826323,-0.736423861155202,-0.720308009503794,-0.720196862443438,-0.695076487601473,-0.783312638454325
0,0,-0.786210116591436,-0.742215290436154,-0.726201093707304,-0.726186983548271,-0.701172728904101,-0.789201170330743
0,0,-0.791863565504865,-0.747832214979552,-0.731919556806216,-0.732006867896005,-0.707089002944433,-0.794930445542701
0,0,-0.797447871337585,-0.753380864591195,-0.737568072971902,-0.737755280646442,-0.71292108061961,-0.800613362125258
0,0,-0.802930618494202,-0.758831288191369,-0.7431171756083,-0.74340314086328,-0.718644814863717,-0.806211035607251
0,0,-0.808277101440547,-0.764151428648302,-0.748535323218546,-0.748919399494439,-0.724234190966883,-0.811682268931547
0,0,-0.813452614642451,-0.769309228830223,-0.753790974305772,-0.754273007487842,-0.729663194219236,-0.816985865041016
0,0,-0.818422452565743,-0.774272631605359,-0.758852587373111,-0.759432915791408,-0.734905809910901,-0.822080626878525
0,0,-0.823151909676255,-0.779009579841938,-0.763688620923697,-0.764368075353061,-0.739936023332006,-0.826925357386943
0,0,-0.827606280439815,-0.78348801640819,-0.768267533460663,-0.76904743712072,-0.744727819772679,-0.831478859509137
0,0,-0.831750859322254,-0.787675884172341,-0.772557783487143,-0.773439952042308,-0.749255184523046,-0.835699936187976
0,0,-0.835550940789403,-0.79154112600262,-0.776527829506271,-0.777514571065745,-0.753492102873235,-0.839547390366328
0,0,-0.839147099013815,-0.795226791529509,-0.780297358634965,-0.781387197360941,-0.757553194138102,-0.843176542567489
0,0,-0.842762044557471,-0.798952331919222,-0.78405920335775,-0.785245399387218,-0.761615280116547,-0.846836902370134
0,0,-0.84632788003602,-0.802642906895705,-0.787757064748156,-0.789035072165669,-0.765619418621225,-0.850453634775366
0,0,-0.849773034925663,-0.806219981539604,-0.791331484882445,-0.792699043663855,-0.769503703916439,-0.853947795922458
0,0,-0.853025938702602,-0.809605020931567,-0.794723005836877,-0.796180141849334,-0.773206230266496,-0.85724044195068
0,0,-0.856015020843036,-0.812719490152241,-0.797872169687714,-0.799421194689668,-0.776665091935699,-0.860252628999304
0,0,-0.858668710823167,-0.815484854282272,-0.800719518511216,-0.802365030152418,-0.779818383188354,-0.8629054132076
0,0,-0.860915438119197,-0.817822578402309,-0.803205594383646,-0.804954476205142,-0.782604198288765,-0.86511985071484
0,0,-0.862683632207325,-0.819654127592997,-0.805270939381264,-0.807132360815401,-0.784960631501237,-0.866816997660294
0,0,-0.863901722563753,-0.820900966934984,-0.806856095580332,-0.808841511950756,-0.786825777090075,-0.867917910183235
0,0,-0.864738582778998,-0.821741874727633,-0.808111984717838,-0.810231737382804,-0.788357430496006,-0.868606535898702
0,0,-0.865524196368417,-0.822529738368069,-0.809321293801056,-0.811579055829487,-0.789846818609966,-0.869245737013076
0,0,-0.866253062897235,-0.82325957461564,-0.810466934458677,-0.812862232389329,-0.791269280966906,-0.869833446097395
0,0,-0.86691605347211,-0.823922523073867,-0.811528611719398,-0.814056865530425,-0.792596793987265,-0.870363638082054
0,0,-0.867504039199699,-0.824509723346272,-0.812486030611915,-0.815138553720875,-0.793801334091483,-0.870830287897448
0,0,-0.868007891186663,-0.825012315036377,-0.813318896164926,-0.816082895428775,-0.794854877699999,-0.87122737047397
0,0,-0.868418480539658,-0.825421437747701,-0.814006913407128,-0.816865489122224,-0.795729401233253,-0.871548860742015
0,0,-0.868726678365342,-0.825728231083768,-0.814529787367218,-0.817461933269318,-0.796396881111683,-0.871788733631978
0,0,-0.868923355770375,-0.825923834648097,-0.814867223073894,-0.817847826338156,-0.79682929375573,-0.871940964074253
0,0,-0.868999383861415,-0.82599938804421,-0.814998925555852,-0.817998766796835,-0.796998615585832,-0.871999526999235
0,0,-0.868722955513128,-0.825749086865989,-0.814778779808526,-0.817777621832773,-0.79681973159405,-0.871722955513128
0,0,-0.867816825519843,-0.824928124642501,-0.814053503793892,-0.817048925969561,-0.796227389553853,-0.870816825519843
0,0,-0.866357087222756,-0.823604974836368,-0.812881577010283,-0.815872241076721,-0.795267555780126,-0.869357087222756
0,0,-0.864422555045896,-0.821850520619422,-0.811323064766996,-0.81430857098401,-0.793986976502566,-0.867422555045896
0,0,-0.862092043413292,-0.819735645163491,-0.809438032373332,-0.812418919521182,-0.792432397950871,-0.865092043413292
0,0,-0.859444366748973,-0.817331231640405,-0.807286545138586,-0.810264290517994,-0.79065056635474,-0.862444366748973
0,0,-0.856558339476969,-0.814708163221995,-0.804928668372059,-0.807905687804203,-0.78868822794387,-0.859558339476969
0,0,-0.853512776021308,-0.811937323080089,-0.802424467383047,-0.805404115209564,-0.786592128947959,-0.856512776021308
0,0,-0.850386490806019,-0.809089594386518,-0.799834007480849,-0.802820576563832,-0.784409015596707,-0.853386490806019
0,0,-0.847258298255133,-0.806235860313112,-0.797217353974764,-0.800216075696765,-0.78218563411981,-0.850258298255133
0,0,-0.843916497027248,-0.803180034021309,-0.794360384614724,-0.797389960530633,-0.779713834502331,-0.846916497027248
0,0,-0.84002571889525,-0.799613032152858,-0.790945638085407,-0.794038390596,-0.776695610060799,-0.84302571889525
0,0,-0.835636888919224,-0.795581165048302,-0.787028681163686,-0.790210617465362,-0.773183658573116,-0.838636888919224
0,0,-0.830803303581342,-0.791132923494795,-0.782667344052393,-0.785958044044552,-0.769232793735061,-0.833803303581342
0,0,-0.825578259363772,-0.786316798279492,-0.777919456954359,-0.7813320732394,-0.764897829242415,-0.828578259363772
0,0,-0.820015052748687,-0.781181280189547,-0.772842850072417,-0.776384107955739,-0.760233578790957,-0.823015052748687
0,0,-0.814166980218256,-0.775774860012113,-0.767495353609397,-0.771165551099399,-0.755294856076468,-0.817166980218256
0,0,-0.808087338254649,-0.770146028534345,-0.761934797768132,-0.765727805576214,-0.750136474794728,-0.811087338254649
0,0,-0.801829423340038,-0.764343276543397,-0.756219012751454,-0.760122274292015,-0.744813248641517,-0.804829423340038
0,0,-0.795446531956591,-0.758415094826422,-0.750405828762192,-0.754400360152633,-0.739379991312614,-0.798446531956591
0,0,-0.788025538074275,-0.751493958134967,-0.744197747797812,-0.748445998930661,-0.733701025465604,-0.791025538074275
0,0,-0.77871469435284,-0.742771518326574,-0.737248927523706,-0.742069131571106,-0.727562378396919,-0.78171469435284
0,0,-0.768133348535437,-0.732834401687433,-0.729711254627406,-0.73528311563896,-0.720985034152099,-0.771133348535437
0,0,-0.756906690197602,-0.722274772932632,-0.72173867193031,-0.728102211498485,-0.713991011294227,-0.759906690197602
0,0,-0.745659908914876,-0.71168479677726,-0.713485122253816,-0.720540679513944,-0.706602328386386,-0.748659908914876
0,0,-0.735018194262798,-0.701656637936407,-0.705104548419322,-0.7126127800496,-0.698841003991659,-0.738018194262798
0,0,-0.725606735816905,-0.692782461125158,-0.696750893248227,-0.704332773469717,-0.690729056673129,-0.728606735816905
0,0,-0.718050723152736,-0.685654431058604,-0.688578099561928,-0.695714920138557,-0.682288504993879,-0.721050723152736
0,0,-0.71297534584583,-0.680864712451833,-0.680740110181824,-0.686773480420383,-0.673541367516992,-0.71597534584583
0,0,-0.711005793471725,-0.679005470019933,-0.673390867929313,-0.677522714679459,-0.664509662805551,-0.714005793471725
0,0,-0.711500265240347,-0.679363829265707,-0.666634395484741,-0.667906652046594,-0.655132939239526,-0.714227393291067
0,0,-0.713047415714346,-0.680489029610434,-0.660414446976029,-0.657852176656818,-0.645325642096303,-0.714930643506521
0,0,-0.71552725951551,-0.682292552374917,-0.654649491379339,-0.64737270791533,-0.635100918910594,-0.716057845234323
0,0,-0.718823814053932,-0.684690046584678,-0.649258049302923,-0.636481907934236,-0.624472198162303,-0.717556279115424
0,0,-0.722821096739706,-0.687597161265241,-0.644158641355035,-0.625193438825646,-0.61345290833133,-0.719373225790775
0,0,-0.727403124982924,-0.690929545442127,-0.639269788143926,-0.613520962701662,-0.602056477897575,-0.721455965901329
0,0,-0.732453916193682,-0.69460284814086,-0.634510010277849,-0.601478141674392,-0.590296335340942,-0.723751780088037
0,0,-0.737857487782071,-0.698532718386961,-0.629797828365057,-0.589078637855944,-0.578185909141331,-0.72620794899185
0,0,-0.743497857158187,-0.702634805205954,-0.625051763013802,-0.576336113358422,-0.565738627778643,-0.728771753253721
0,0,-0.749259041732121,-0.706824757623361,-0.620190334832338,-0.563264230293934,-0.552967919732781,-0.731390473514601
0,0,-0.755025058913968,-0.711018224664704,-0.615132064428915,-0.549876650774586,-0.539887213483645,-0.73401139041544
0,0,-0.760679926113822,-0.715130855355507,-0.609795472411788,-0.536187036912483,-0.526509937511137,-0.736581784597192
0,0,-0.766107660741775,-0.719078298721291,-0.604099079389208,-0.522209050819733,-0.512849520295157,-0.739048936700807
0,0,-0.771192280207922,-0.722776203787579,-0.597961405969429,-0.507956354608442,-0.498919390315609,-0.741360127367237
0,0,-0.775817801922355,-0.726140219579895,-0.591300972760701,-0.493442610390716,-0.484732976052392,-0.743462637237434
0,0,-0.779868243295169,-0.72908599512376,-0.584036300371279,-0.478681480278661,-0.470303705985409,-0.74530374695235
0,0,-0.783227621736457,-0.731529179444696,-0.576085909409416,-0.463686626384385,-0.455645008594561,-0.746830737152935
0,0,-0.785779954656313,-0.733385421568227,-0.567368320483362,-0.448471710819993,-0.440770312359749,-0.747990888480142
0,0,-0.787409259464829,-0.734570370519876,-0.557802054201371,-0.433050395697591,-0.425693045760874,-0.748731481574922
0,0,-0.7879995535721,-0.734999675325164,-0.547305631171695,-0.417436343129288,-0.410426637277839,-0.748999797078227
0,0,-0.780894547703565,-0.728385741577051,-0.533354202297369,-0.401322683028893,-0.394674753056084,-0.742232912871177
0,0,-0.760299268293278,-0.709213171266837,-0.51382915889731,-0.384406108398129,-0.378142597119133,-0.72261941871056
0,0,-0.728581933541908,-0.679684797808519,-0.489707359398711,-0.366762418650703,-0.36090070850056,-0.692416120075572
0,0,-0.688116420874032,-0.642008813311209,-0.461967793193432,-0.348467682884845,-0.343019886479083,-0.653885434625163
0,0,-0.64127660771423,-0.598393409884021,-0.431589449673336,-0.329597970198789,-0.324570930333422,-0.609289780018286
0,0,-0.590436371487084,-0.551046779636073,-0.39955131823029,-0.310229349690769,-0.305624639342297,-0.560891573913898
0,0,-0.537969589617168,-0.502177114676473,-0.366832388256152,-0.290437890459016,-0.286251812784424,-0.510953233970945
0,0,-0.486250139529064,-0.453992607114337,-0.334411649142787,-0.270299661601764,-0.266523249938524,-0.461737177848384
0,0,-0.437651898647352,-0.40870144905878,-0.303268090282058,-0.249890732217245,-0.246509750083315,-0.415505823205166
0,0,-0.394548744396612,-0.368511832618918,-0.274380701065831,-0.229287171403693,-0.226282112497517,-0.374521587700248
0,0,-0.355093184979137,-0.331705192862402,-0.246987548194161,-0.208372755224531,-0.205724377400398,-0.337023705231342
0,0,-0.315638386648121,-0.294889209995468,-0.219584650130887,-0.186978361334928,-0.184672001316266,-0.299536553143139
0,0,-0.276183588317108,-0.2580631801466,-0.192171698505273,-0.16511609769944,-0.163137910303907,-0.262059410102385
0,0,-0.236728789986092,-0.221227107414481,-0.164748698824691,-0.142798108373229,-0.141135065610615,-0.224592280131153
0,0,-0.197273991655076,-0.1843809958978,-0.137315656596521,-0.12003653741146,-0.118676428483691,-0.18713516725152
0,0,-0.157819193324062,-0.147524849695245,-0.109872577328138,-0.0968435288692989,-0.0957749601704331,-0.149688075485563
0,0,-0.118364394993046,-0.1106586729055,-0.082419466526918,-0.0732312268019074,-0.0724436219181362,-0.112251008855356
0,0,-0.0789095966620298,-0.0737824696272519,-0.0549563297002371,-0.0492117752644508,-0.0486953749740997,-0.0748239713829755
0,0,-0.039454798331016,-0.0368962439591912,-0.0274831723554733,-0.0247973183120945,-0.0245431805856226,-0.0374069670904996
0,0,0,0,0,0,2.77555756156289e-17,0
